{
  "model_id": "triage_v1_20251226T235010Z",
  "timestamp": "20251226T235010Z",
  "dataset_hash": "c419aa12f6b39e508b05edef9fcc658fa43cf0b194b46f74ff6d3f215a9e9da6",
  "dataset_size": 62,
  "train_size": 43,
  "test_size": 19,
  "metrics": {
    "category": {
      "ACCESS_LOGIN_MOBILE": {
        "precision": 1.0,
        "recall": 1.0,
        "f1-score": 1.0,
        "support": 3.0
      },
      "CAMPAIGN_POINTS_REWARDS": {
        "precision": 0.5,
        "recall": 0.3333333333333333,
        "f1-score": 0.4,
        "support": 3.0
      },
      "CARD_LIMIT_CREDIT": {
        "precision": 0.375,
        "recall": 1.0,
        "f1-score": 0.5454545454545454,
        "support": 3.0
      },
      "CHARGEBACK_DISPUTE": {
        "precision": 1.0,
        "recall": 0.5,
        "f1-score": 0.6666666666666666,
        "support": 2.0
      },
      "FRAUD_UNAUTHORIZED_TX": {
        "precision": 0.0,
        "recall": 0.0,
        "f1-score": 0.0,
        "support": 3.0
      },
      "INFORMATION_REQUEST": {
        "precision": 0.0,
        "recall": 0.0,
        "f1-score": 0.0,
        "support": 2.0
      },
      "TRANSFER_DELAY": {
        "precision": 0.6,
        "recall": 1.0,
        "f1-score": 0.75,
        "support": 3.0
      },
      "accuracy": 0.5789473684210527,
      "macro avg": {
        "precision": 0.49642857142857144,
        "recall": 0.5476190476190476,
        "f1-score": 0.4803030303030303,
        "support": 19.0
      },
      "weighted avg": {
        "precision": 0.4960526315789474,
        "recall": 0.5789473684210527,
        "f1-score": 0.49577352472089303,
        "support": 19.0
      }
    },
    "urgency": {
      "GREEN": {
        "precision": 0.7,
        "recall": 1.0,
        "f1-score": 0.8235294117647058,
        "support": 7.0
      },
      "RED": {
        "precision": 1.0,
        "recall": 0.5,
        "f1-score": 0.6666666666666666,
        "support": 6.0
      },
      "YELLOW": {
        "precision": 0.8333333333333334,
        "recall": 0.8333333333333334,
        "f1-score": 0.8333333333333334,
        "support": 6.0
      },
      "accuracy": 0.7894736842105263,
      "macro avg": {
        "precision": 0.8444444444444444,
        "recall": 0.7777777777777778,
        "f1-score": 0.7745098039215687,
        "support": 19.0
      },
      "weighted avg": {
        "precision": 0.8368421052631578,
        "recall": 0.7894736842105263,
        "f1-score": 0.7770897832817338,
        "support": 19.0
      }
    }
  },
  "parameters": {
    "vectorizer": "TfidfVectorizer(max_features=1000)",
    "classifier": "LogisticRegression(balanced) + CalibratedClassifierCV(sigmoid)"
  }
}